title,label,label_name,topic,topic_specific,lang,hedging_density,weasel_density,def_ratio,mtld,word_count,age_days
Kirchgeld in glaubensverschiedener Ehe,0,contested,geography,Geography.Regions.Europe.Western_Europe,de,0.0,1.6319,0.0492,115.6435,5868,7414
Die Jahre (Annie Ernaux),0,contested,culture,Culture.Literature,de,0.0,0.6959,0.0396,158.0515,2255,2735
Iranischer Angriff auf Israel im April 2024,0,contested,geography,Geography.Regions.Asia.West_Asia,de,1.1047,3.5902,0.0053,157.7115,6292,753
Helmtherapie,0,contested,science,STEM.STEM*,de,0.7943,1.5886,0.0522,146.785,1606,6378
Death of a Nation: Can We Save America a Second Time?,0,contested,culture,Culture.Media.Media*,de,0.0,0.0,0.0361,151.4294,4261,2430
Narendra Modi,0,contested,geography,Geography.Regions.Asia.South_Asia,de,2.0171,2.0171,0.025,152.285,4580,6772
Mao Zedong,0,contested,geography,Geography.Regions.Asia.East_Asia,de,0.8708,3.193,0.0297,127.5577,20460,2622
Chartered Institute for Archaeologists,0,contested,politics_history,History_and_Society.Business_and_economics,de,1.2461,3.1153,0.0659,136.4307,1970,3139
Heilsarmee,0,contested,culture,Culture.Philosophy_and_religion,de,0.0,1.1494,0.0443,109.8809,2892,6760
Oleh Malzew,0,contested,culture,Culture.Biography.Biography*,de,0.5741,3.4443,0.0641,108.5656,3619,2836
"Chronik des Kriegs in Nahost, Februar und März 2025",0,contested,geography,Geography.Regions.Asia.West_Asia,de,0.0,2.5993,0.0067,176.4327,4514,519
Clemens August von Bayern,0,contested,culture,Culture.Biography.Biography*,de,0.4965,3.3102,0.0063,123.4222,8704,7319
Neokatechumenaler Weg,0,contested,culture,Culture.Philosophy_and_religion,de,0.0,3.5796,0.0435,160.7952,7067,6394
Tomasz Froelich,0,contested,culture,Culture.Biography.Biography*,de,0.9551,0.0,0.0308,107.4438,1729,694
Kurort,0,contested,science,STEM.Medicine_&_Health,de,0.0,1.506,0.1028,130.3823,1685,8308
Deutschenschwemme,0,contested,geography,Geography.Regions.Europe.Western_Europe,de,0.0,1.7825,0.0938,76.2142,4588,5390
Arnold Janssen,0,contested,culture,Culture.Biography.Biography*,de,0.0,1.6873,0.0266,84.3533,2378,8128
Los Realejos,0,contested,geography,Geography.Regions.Europe.Southern_Europe,de,0.0,3.8106,0.0738,108.224,2200,7535
Depression,0,contested,science,STEM.STEM*,de,0.7808,5.4659,0.0943,164.806,15508,1795
Hartmut Steeb,0,contested,culture,Culture.Biography.Biography*,de,0.0,1.7606,0.0123,92.0138,1738,7241
Selbstverbrennungsvorfall auf dem Tian’anmen-Platz,0,contested,geography,Geography.Regions.Asia.East_Asia,de,8.7719,8.7719,0.0,81.444,13864,4940
Massaker von Bleiburg,0,contested,geography,Geography.Regions.Europe.Southern_Europe,de,1.1384,3.1876,0.0335,147.1395,7280,5139
VDM Heinz Nickel,0,contested,geography,Geography.Regions.Europe.Western_Europe,de,0.0,5.1724,0.0633,143.744,1954,5063
Kriegsbücherei der deutschen Jugend,0,contested,politics_history,History_and_Society.Military_and_warfare,de,1.7786,0.0,0.0026,197.6251,2657,5329
Bulgarische Wiedergeburt,0,contested,geography,Geography.Regions.Europe.Eastern_Europe,de,0.0,2.0161,0.0314,95.4512,4416,7129
Sharon Van Etten,0,contested,culture,Culture.Media.Music,de,0.7522,0.7522,0.0402,241.0054,3551,4133
Kameralistik,0,contested,politics_history,History_and_Society.Business_and_economics,de,0.2362,1.4174,0.0794,128.3838,5903,7016
Kornische Sprache,0,contested,culture,Culture.Linguistics,de,1.8428,3.6855,0.0374,66.3813,3344,8389
Mary Baker Eddy,0,contested,culture,Culture.Biography.Biography*,de,0.0,3.3473,0.0,74.4741,1555,8092
Politisches System Japans,0,contested,geography,Geography.Regions.Asia.East_Asia,de,0.3447,1.7235,0.0955,130.8934,3643,7606
Israelitische Synagogen-Gemeinde Adass Jisroel zu Berlin,0,contested,geography,Geography.Regions.Europe.Western_Europe,de,0.2693,2.154,0.0234,107.4632,4524,7446
Wissenschaftstheorie der Theologie,0,contested,culture,Culture.Philosophy_and_religion,de,1.7253,2.0704,0.0491,125.2014,3198,7018
Homosexualität in Israel,0,contested,geography,Geography.Regions.Asia.Asia*,de,0.0,1.51,0.0169,199.5909,4918,7003
Stefan Oster,0,contested,culture,Culture.Biography.Biography*,de,1.5732,1.5732,0.0152,125.3154,2883,4449
One-Hit-Wonder,0,contested,culture,Culture.Media.Media*,de,0.0,1.2812,0.0255,391.3678,4657,6416
Hochofenwerk Lübeck,0,contested,politics_history,History_and_Society.Business_and_economics,de,0.0,1.9936,0.0104,108.7386,3270,7057
Naturwissenschaft und Religion,0,contested,culture,Culture.Philosophy_and_religion,de,1.8365,4.1322,0.0795,169.9867,5940,6010
François Brousse,0,contested,culture,Culture.Biography.Biography*,de,0.5583,2.7917,0.0207,104.9526,2335,6013
Proteste infolge des Todes von George Floyd,0,contested,geography,Geography.Regions.Americas.North_America,de,2.2665,5.2131,0.0147,180.299,9428,2164
Deutsch-Griechische Industrie- und Handelskammer,0,contested,geography,Geography.Regions.Europe.Europe*,de,0.0,0.0,0.037,92.3672,3310,2354
Alexander-Technik,0,contested,science,STEM.Medicine_&_Health,de,0.0,2.7174,0.0806,192.8026,2036,8183
Erick van Egeraat,0,contested,geography,Geography.Regions.Europe.Europe*,de,0.0,0.905,0.0084,81.3861,2465,6496
SpVgg Grün-Weiß Deggendorf,0,contested,culture,Culture.Sports,de,0.0,0.9515,0.0108,29.7029,1571,5118
Okot p’Bitek,0,contested,geography,Geography.Regions.Africa.Eastern_Africa,de,1.0096,3.786,0.0307,159.9223,4295,7640
Mecki,0,contested,culture,Culture.Media.Media*,de,0.0,2.085,0.0327,115.5952,5089,7878
Gregor Gysi,0,contested,culture,Culture.Biography.Biography*,de,0.1859,0.3718,0.0123,104.9959,9635,1958
Glyphosat,0,contested,science,STEM.STEM*,de,1.9342,1.6763,0.0418,131.9122,19419,2605
Montessori Biberkor,0,contested,politics_history,History_and_Society.Education,de,0.0,2.2075,0.0552,96.735,5744,3736
Lottoland,0,contested,geography,Geography.Regions.Europe.Europe*,de,2.2014,2.2014,0.0496,185.1382,3872,3202
Ingolstädter Verkehrsgesellschaft,0,contested,geography,Geography.Regions.Europe.Europe*,de,0.0,0.0,0.0127,73.1899,3810,7065
Schulpflicht,0,contested,politics_history,History_and_Society.Education,de,0.7326,2.9304,0.0337,115.0531,2860,5649
George Peabody,0,contested,culture,Culture.Biography.Biography*,de,0.0,0.0,0.0169,88.0399,1917,7555
Stuttgarter Lebensversicherung,0,contested,politics_history,History_and_Society.Business_and_economics,de,0.0,2.1866,0.0079,101.1621,2822,1036
Jürgen Kuttner,0,contested,culture,Culture.Biography.Biography*,de,0.0,1.8674,0.0227,113.2111,1605,8042
Geschichte Äquatorialguineas,0,contested,geography,Geography.Regions.Africa.Africa*,de,0.0,3.9293,0.0606,127.4121,4830,7155
Charismatische Bewegung,0,contested,culture,Culture.Philosophy_and_religion,de,0.6579,6.5789,0.0441,147.0288,6003,7189
Dieter R. Fuchs,0,contested,geography,Geography.Regions.Europe.Western_Europe,de,0.0,1.8674,0.0244,100.3181,1869,2306
Rudolf Schulz-Dornburg,0,contested,culture,Culture.Media.Music,de,0.8795,0.8795,0.0215,122.0457,2370,2164
Eileen Barker,0,contested,culture,Culture.Biography.Biography*,de,0.0,1.0917,0.0303,110.2866,1788,8482
Superclásico,0,contested,culture,Culture.Sports,de,0.4189,1.2568,0.0116,23.5848,4435,7097
Ahmad Schah Massoud,0,contested,geography,Geography.Regions.Asia.South_Asia,de,0.0,2.8306,0.038,163.4398,7270,5798
Partidul Social Democrat European,0,contested,politics_history,History_and_Society.Politics_and_government,de,0.3353,0.0,0.0373,75.8789,4067,6133
Mitarbeitergespräch,0,contested,politics_history,History_and_Society.Business_and_economics,de,0.7981,8.7789,0.0667,202.7232,1511,7764
Sanktuarium der Barmherzigkeit Gottes,0,contested,culture,Culture.Philosophy_and_religion,de,0.0,1.8854,0.0179,82.6137,3222,4926
Einwanderung,0,contested,geography,Geography.Regions.Europe.Europe*,de,0.3719,5.3923,0.0344,123.2486,7590,4275
Frauen im Militär,0,contested,politics_history,History_and_Society.Military_and_warfare,de,0.8194,4.3704,0.0762,144.2154,10686,5097
Biphobie,0,contested,politics_history,History_and_Society.Society,de,2.1668,8.6674,0.1692,140.4895,1604,6526
Wolfgang Wodarg,0,contested,culture,Culture.Biography.Biography*,de,0.8795,2.6385,0.008,124.561,4179,2206
Foraus – Forum Aussenpolitik – Forum de politique étrangère,0,contested,geography,Geography.Regions.Europe.Western_Europe,de,1.3578,2.0367,0.0426,159.309,2268,4789
Pharmahersteller,0,contested,science,STEM.Medicine_&_Health,de,0.4144,4.5586,0.0413,117.3802,5099,6189
Paintball,0,contested,culture,Culture.Sports,de,0.0,4.0721,0.1198,133.8466,4421,5651
Bob Blume,0,contested,culture,Culture.Biography.Biography*,de,0.0,1.046,0.046,84.9349,1875,2092
Europarente,0,contested,politics_history,History_and_Society.Business_and_economics,de,0.9398,2.3496,0.0496,124.7722,3188,2269
Israelism,0,contested,culture,Culture.Media.Media*,de,0.0,2.4331,0.0682,149.3473,2926,880
Nornickel,0,contested,geography,Geography.Regions.Asia.North_Asia,de,0.0,0.3613,0.0056,99.502,4746,7036
Eduard Albert Meier,0,contested,culture,Culture.Philosophy_and_religion,de,5.1177,4.0942,0.0367,96.7813,2845,7050
Substanzinduzierte Psychose,0,contested,science,STEM.Medicine_&_Health,de,1.3175,3.2938,0.0721,198.0331,4000,7276
Unicredit Bank Austria,0,contested,geography,Geography.Regions.Europe.Europe*,de,0.0,0.0,0.022,88.6783,4408,7640
Katrin Korfmann,0,contested,culture,Culture.Biography.Biography*,de,0.7905,0.7905,0.0123,87.4425,1541,6312
Das sogenannte Böse,0,contested,science,STEM.STEM*,de,0.2513,4.0201,0.0654,229.8125,4425,8190
Kaschmir-Konflikt,0,contested,geography,Geography.Regions.Asia.South_Asia,de,1.1765,1.1765,0.0124,118.6147,5329,6758
FDP.Die Liberalen,0,contested,geography,Geography.Regions.Europe.Europe*,de,0.0,1.8123,0.0116,39.3657,7078,5127
Neue Kadampa-Tradition,0,contested,culture,Culture.Philosophy_and_religion,de,0.41,4.1,0.0909,107.7214,3187,7509
Goldene Urne,0,contested,culture,Culture.Philosophy_and_religion,de,0.0,2.7804,0.0522,85.3988,1665,6027
Deutsche Diabetes Gesellschaft,0,contested,geography,Geography.Regions.Europe.Western_Europe,de,0.0,1.9093,0.0355,113.9851,3830,7565
Jüngere Dryaszeit,0,contested,science,STEM.STEM*,de,4.1322,2.0661,0.0312,122.7549,4041,7514
Uniface,0,contested,science,STEM.STEM*,de,0.0,2.0754,0.0385,110.0889,3193,8023
"Chronik des Kriegs in Israel und Gaza, Dezember 2023 und Januar 2024",0,contested,geography,Geography.Regions.Asia.West_Asia,de,0.6621,3.4762,0.0117,172.9345,12264,786
Humanitäre Intervention,0,contested,politics_history,History_and_Society.Politics_and_government,de,2.7886,0.5577,0.0323,180.8984,2407,8061
Iqos,0,contested,politics_history,History_and_Society.Business_and_economics,de,1.9987,1.3324,0.0241,150.7247,3138,2738
Sebastian Knauer (Pianist),0,contested,culture,Culture.Media.Music,de,0.0,3.6792,0.0227,100.8804,2194,6278
Gesellschaft für Unternehmensgeschichte,0,contested,politics_history,History_and_Society.Business_and_economics,de,0.0,0.7092,0.0566,104.1935,1815,5305
Ilse Schwidetzky,0,contested,culture,Culture.Biography.Biography*,de,0.0,1.9802,0.016,80.4927,2254,7029
Marxistisch-Leninistische Partei Deutschlands,0,contested,politics_history,History_and_Society.Politics_and_government,de,0.2354,1.177,0.0556,106.7322,6756,2284
Massivholzbau,0,contested,science,STEM.STEM*,de,0.558,2.2321,0.1009,163.2469,3306,6302
Francesca Albanese,0,contested,politics_history,History_and_Society.Politics_and_government,de,0.6246,1.2492,0.011,191.5473,3395,1081
IBM,0,contested,politics_history,History_and_Society.Business_and_economics,de,0.2895,0.8686,0.0422,93.3119,5174,5193
HolidayCheck Group,0,contested,geography,Geography.Regions.Europe.Western_Europe,de,0.0,5.6497,0.0159,106.146,2018,6417
Propaganda im Ersten Weltkrieg,0,contested,geography,Geography.Regions.Europe.Europe*,de,1.1093,3.3278,0.0119,194.4605,4387,7391
Attentat auf Robert F. Kennedy,0,contested,geography,Geography.Regions.Americas.North_America,de,0.0,0.9285,0.0,135.4097,1647,1935
Ultra-Bewegung,0,contested,culture,Culture.Sports,de,0.3239,8.0972,0.1019,133.5402,8301,3138
"Chronik des Kriegs in Israel und Gaza, Februar und März 2024",0,contested,geography,Geography.Regions.Asia.West_Asia,de,1.1847,3.3171,0.0172,173.8944,14680,775
Nichtregierungsorganisation,0,contested,politics_history,History_and_Society.Politics_and_government,de,0.5799,5.2189,0.095,184.836,6021,5418
Anders Fogh Rasmussen,0,contested,geography,Geography.Regions.Europe.Europe*,de,0.8435,0.4218,0.0351,100.0297,3401,8094
Geschichte Serbiens,0,contested,geography,Geography.Regions.Europe.Europe*,de,0.3048,2.0321,0.0036,156.5458,16926,5643
Körber (Unternehmensgruppe),0,contested,politics_history,History_and_Society.Business_and_economics,de,0.0,1.6181,0.0,173.1036,1560,7130
Oberösterreichische Versicherung,0,contested,geography,Geography.Regions.Europe.Western_Europe,de,0.0,1.3812,0.0,99.4262,2203,6897
Deutsche Auslandshandelskammer,0,contested,geography,Geography.Regions.Europe.Europe*,de,2.4077,3.2103,0.0875,114.8399,1956,7285
Österreichischer Skiverband,0,contested,culture,Culture.Sports,de,0.0,0.5869,0.0326,66.8127,2498,7998
Street Football/Episodenliste,0,contested,culture,Culture.Media.Television,de,0.2965,0.5929,0.0391,135.4542,5143,5077
Troy Davis,0,contested,politics_history,History_and_Society.Politics_and_government,de,2.6991,5.3981,0.0095,160.076,2785,6196
Jugend mit einer Mission,0,contested,culture,Culture.Philosophy_and_religion,de,2.3238,1.5492,0.0562,50.934,2234,7461
"Chronik des Kriegs in Nahost, Dezember 2024 und Januar 2025",0,contested,geography,Geography.Regions.Asia.West_Asia,de,2.002,2.002,0.039,155.8167,5111,557
Erzgebirgischer Schwibbogen,0,contested,geography,Geography.Regions.Europe.Western_Europe,de,1.3831,2.7663,0.1053,127.3925,1863,8093
Rodoljub Vulović,0,contested,geography,Geography.Regions.Europe.Europe*,de,1.3889,1.3889,0.0208,140.869,1503,3328
René Benko,0,contested,geography,Geography.Regions.Europe.Europe*,de,1.1692,1.8373,0.0251,143.0205,11333,750
Christliche Werte,0,contested,culture,Culture.Philosophy_and_religion,de,0.0,6.192,0.0612,162.1337,1727,6268
Lindisfarne Castle,0,contested,geography,Geography.Regions.Europe.Northern_Europe,de,0.9709,4.8544,0.0656,117.2222,1782,7592
"Chronik des Kriegs in Israel und Gaza, Oktober und November 2023",0,contested,geography,Geography.Regions.Asia.West_Asia,de,0.9912,2.9737,0.0174,179.1952,27146,787
Sozialismuskritik,0,contested,politics_history,History_and_Society.Politics_and_government,de,0.0,0.7133,0.0,244.1166,1859,5279
Schelhammer Capital Bank,0,contested,geography,Geography.Regions.Europe.Europe*,de,0.639,1.9169,0.0331,103.2042,2018,5816
Sicherungseinrichtung des Bundesverbandes der Deutschen Volksbanken und Raiffeisenbanken,0,contested,politics_history,History_and_Society.Business_and_economics,de,0.0,1.7094,0.0781,105.2424,1929,6440
Disneyland Park (Paris),0,contested,culture,Culture.Media.Media*,de,0.8299,2.2822,0.0379,81.3199,6462,4406
EOS Gruppe,0,contested,politics_history,History_and_Society.Business_and_economics,de,0.0,0.0,0.0108,101.2675,2260,6371
Annette Groth,0,contested,culture,Culture.Biography.Biography*,de,1.8762,1.8762,0.0282,101.7332,1582,6048
IMC Hochschule für Angewandte Wissenschaften Krems,0,contested,geography,Geography.Regions.Europe.Europe*,de,0.0,0.0,0.0588,90.0915,1605,7176
"Chronik des Kriegs in Nahost, August und September 2024",0,contested,geography,Geography.Regions.Asia.West_Asia,de,0.7764,2.0186,0.0383,163.8661,10948,587
Linksextremismus,0,contested,politics_history,History_and_Society.Politics_and_government,de,0.7042,3.169,0.0364,185.9664,11954,2726
Waldbrüder,0,contested,geography,Geography.Regions.Europe.Northern_Europe,de,1.6529,1.6529,0.0,169.6271,1550,7363
Verein Düsseldorfer Künstlerinnen,0,contested,culture,Culture.Biography.Women,de,0.0,3.6675,0.0392,123.0468,1561,3387
Friedrich Wilhelm Joseph Schelling,0,contested,culture,Culture.Biography.Biography*,de,0.385,0.5775,0.0266,107.1149,13882,4811
Joseph P. Kennedy,0,contested,culture,Culture.Biography.Biography*,de,0.761,1.7757,0.0412,172.8339,6260,7785
Institut für Zeitgeschichte,0,contested,geography,Geography.Regions.Europe.Western_Europe,de,1.3257,1.3257,0.0382,129.1552,3634,7974
Mary Daly,0,contested,culture,Culture.Biography.Biography*,de,0.0,1.4925,0.0333,168.5339,3352,6225
Capella (Ingenieurwesen),0,contested,science,STEM.STEM*,de,0.0,4.0733,0.0346,54.2432,4002,3848
Luftlager,0,contested,science,STEM.STEM*,de,0.0,2.1448,0.0816,155.6219,2434,8114
Eduard Josef Gübelin,0,contested,culture,Culture.Biography.Biography*,de,0.2417,5.0761,0.0257,122.1459,4752,4837
Chinmoy,0,contested,culture,Culture.Biography.Biography*,de,0.0,2.2838,0.0198,101.6308,6440,7242
Zivilisationskollaps,0,contested,science,STEM.STEM*,de,1.6046,4.1006,0.0705,79.7754,14694,1692
Zettle,0,contested,politics_history,History_and_Society.Business_and_economics,de,0.0,0.0,0.0517,117.7028,1552,4369
Streitkräfte Indonesiens,0,contested,politics_history,History_and_Society.Military_and_warfare,de,0.0,3.7688,0.0449,81.6812,3807,7323
Neoarchaikum,0,contested,science,STEM.Earth_and_environment,de,3.9312,3.4398,0.0269,80.1699,3302,7629
Rosen-Gruppe,0,contested,science,STEM.STEM*,de,0.0,3.6765,0.0299,104.3703,1810,3284
International Pharmaceutical Students’ Federation,0,contested,politics_history,History_and_Society.Education,de,0.0,3.125,0.0725,125.0353,3758,5511
Data Loss Prevention,0,contested,science,STEM.Computing,de,0.0,7.6792,0.0833,182.3061,1785,6594
T-Labs,0,contested,science,STEM.STEM*,de,0.0,2.4361,0.0741,82.3053,1563,7290
Ökostrom,0,contested,science,STEM.STEM*,de,0.4891,4.1575,0.0525,150.7715,6638,5202
Legal Entity Identifier,0,contested,politics_history,History_and_Society.Business_and_economics,de,0.0,0.0,0.0288,79.8535,1643,4718
"Föderaler Öffentlicher Dienst Auswärtige Angelegenheiten, Außenhandel und Entwicklungszusammenarbeit",0,contested,politics_history,History_and_Society.Politics_and_government,de,0.0,2.6076,0.0446,97.8546,2826,6822
Kindertagesbetreuung,0,contested,politics_history,History_and_Society.Education,de,0.8507,3.8282,0.1118,125.3882,3747,7656
Partei der Vernunft,0,contested,politics_history,History_and_Society.Politics_and_government,de,0.0,0.427,0.0272,151.5364,3477,5104
Intrexx,0,contested,science,STEM.STEM*,de,0.0,5.1982,0.0476,132.105,2212,5384
Klassenpolitik,0,contested,politics_history,History_and_Society.Politics_and_government,de,0.5339,1.6017,0.0177,194.8431,2527,5238
Ludwig-Boltzmann-Institut für Funktionelle Hirntopographie,0,contested,science,STEM.STEM*,de,0.0,1.634,0.0182,133.7865,2042,3955
Todesfall Mouhamed Dramé,0,contested,politics_history,History_and_Society.Politics_and_government,de,1.2469,1.2469,0.0112,161.592,3807,765
Schlacht im Ia-Drang-Tal,0,contested,politics_history,History_and_Society.Military_and_warfare,de,0.0,5.176,0.0,150.3138,3374,6964
Etikettierungsansatz,0,contested,politics_history,History_and_Society.Society,de,0.0,2.4679,0.0593,177.265,2806,6276
Schulweg,0,contested,politics_history,History_and_Society.Transportation,de,0.0,6.1837,0.0964,153.0727,1634,7334
Küchenabfallzerkleinerer,0,contested,science,STEM.STEM*,de,0.0,4.0241,0.0426,152.5592,2890,7224
PRINCE2,0,contested,politics_history,History_and_Society.Business_and_economics,de,0.0,3.252,0.0357,137.6671,5108,7326
Flucht und Migration über das Mittelmeer in die EU,0,contested,politics_history,History_and_Society.Politics_and_government,de,1.0895,3.3523,0.0223,95.4528,22760,2494
Deutsche Steinzeug Cremer & Breuer,0,contested,politics_history,History_and_Society.Business_and_economics,de,0.0,0.535,0.0604,92.2544,4735,3718
Gesundheitskostenrechnung,0,contested,politics_history,History_and_Society.Business_and_economics,de,0.0,2.7816,0.0645,108.2838,2059,5200
Sonnen (Unternehmen),0,contested,politics_history,History_and_Society.Business_and_economics,de,0.0,2.2321,0.0316,129.7496,3186,3494
Stephan F. J. Kempe,0,contested,science,STEM.Earth_and_environment,de,0.0,2.0672,0.0099,94.5873,2517,3120
EPEX SPOT,0,contested,politics_history,History_and_Society.Business_and_economics,de,0.0,0.0,0.0706,108.4021,1541,4984
Rajani Palme Dutt,0,contested,politics_history,History_and_Society.Politics_and_government,de,1.1754,1.8806,0.0045,218.8032,5178,5283
Tempolimit,0,contested,science,STEM.STEM*,de,0.0,2.6828,0.0079,77.9083,2813,5048
Prokrastination,0,contested,science,STEM.Medicine_&_Health,de,0.0,6.8441,0.0465,284.1609,2567,3831
Futura Carrier,0,contested,politics_history,History_and_Society.Transportation,de,0.0,1.105,0.1385,146.8402,2063,6765
Transgener Mais,0,contested,science,STEM.STEM*,de,1.3913,6.1002,0.0436,152.1154,17021,4831
Sklavenhandel,0,contested,politics_history,History_and_Society.History,de,1.0881,4.5702,0.0245,167.5645,6686,4913
Verelendungstheorie,0,contested,politics_history,History_and_Society.Business_and_economics,de,2.8902,1.1561,0.0116,176.459,2803,6141
Unternehmensstrafrecht,0,contested,politics_history,History_and_Society.Politics_and_government,de,1.1962,0.5981,0.0256,155.8369,3386,4363
Women’s Declaration International,0,contested,politics_history,History_and_Society.Society,de,1.065,4.2599,0.186,115.5857,2014,1616
Wuestenstrom,0,contested,politics_history,History_and_Society.Society,de,0.0,0.0,0.0714,52.8516,3890,6968
Zero Trust Security,0,contested,science,STEM.Computing,de,0.7107,2.1322,0.0417,164.3631,2039,970
EEW Holding,0,contested,science,STEM.STEM*,de,0.0,0.0,0.0319,95.7611,2151,3799
BigBlueButton,0,contested,science,STEM.STEM*,de,0.0,6.5076,0.0617,165.6621,1502,2221
PANalytical,0,contested,science,STEM.STEM*,de,0.0,0.5995,0.0565,162.7,1964,6609
Digitale Revolution,0,contested,science,STEM.STEM*,de,0.4993,4.7429,0.0399,221.9643,16285,2769
MHealth,0,contested,science,STEM.STEM*,de,0.0,8.5995,0.065,179.8206,3078,3984
Sozionik und intertypische Beziehungen,0,contested,science,STEM.STEM*,de,0.4377,4.1585,0.0731,113.6606,8239,7431
Fraunhofer-Institut für Keramische Technologien und Systeme,0,contested,science,STEM.STEM*,de,0.0,0.4593,0.0103,98.9308,3163,6833
Geschlechterverteilung in der Wikipedia,0,contested,science,STEM.STEM*,de,1.625,3.8999,0.0138,148.25,5801,3715
Biofeedback,0,contested,science,STEM.Medicine_&_Health,de,1.476,8.1181,0.0357,227.1289,2459,8058
Kennedy-Methode,0,contested,science,STEM.Medicine_&_Health,de,0.0,6.8293,0.0763,123.31,2231,7203
Gestalttherapie,0,contested,science,STEM.Medicine_&_Health,de,0.0,3.2286,0.0712,130.5503,5807,6854
Weltraumhabitat,0,contested,science,STEM.STEM*,de,0.6337,5.7034,0.0694,150.8721,4891,5435
Psychologische Astrologie,0,contested,science,STEM.STEM*,de,0.6363,5.4088,0.0284,162.4015,4509,3051
The Third Wave,0,contested,science,STEM.Medicine_&_Health,de,0.0,1.3986,0.02,157.4677,1904,6626
Wasser-Abrasiv-Suspensions-Strahlschneiden,0,contested,science,STEM.STEM*,de,0.0,3.271,0.1053,140.3792,3033,1802
Die Zeitgeist-Bewegung,0,contested,science,STEM.STEM*,de,0.7143,1.4286,0.0341,134.8062,2269,5612
Ungarische Notation,0,contested,science,STEM.Computing,de,0.3724,4.0968,0.0455,120.1912,3275,8089
Apadravya,0,contested,science,STEM.STEM*,de,0.9506,3.8023,0.0656,150.3913,2037,7561
Prophylaxe (Zahnmedizin),0,contested,science,STEM.STEM*,de,0.9579,1.9157,0.081,133.5678,4188,7359
Schlanker Ameisenspringer,1,stable,science,STEM.Biology,de,2.291,5.7274,0.0642,131.9518,4065,2104
Habsburg (Burg),1,stable,geography,Geography.Regions.Europe.Western_Europe,de,2.6005,3.5461,0.0428,150.9954,6249,8379
Antinoos,1,stable,politics_history,History_and_Society.History,de,4.2631,6.0901,0.0833,143.8469,4360,7661
Banjo-Kazooie,1,stable,culture,Culture.Media.Video_games,de,0.3953,7.5099,0.1124,173.4354,3511,7609
LGV Est européenne,1,stable,geography,Geography.Regions.Europe.Western_Europe,de,0.2282,1.3689,0.0248,80.8193,7672,6724
Tropenhaus Frutigen,1,stable,science,STEM.STEM*,de,0.0,3.0817,0.1154,134.0903,1670,5707
Schischyphusch oder Der Kellner meines Onkels,1,stable,culture,Culture.Literature,de,0.3412,3.4118,0.0281,166.2465,4555,4533
LZ 127,1,stable,politics_history,History_and_Society.Transportation,de,0.0,2.5,0.0156,125.8091,4626,7878
Jeanne Mandello,1,stable,culture,Culture.Biography.Biography*,de,0.9483,0.9483,0.0183,111.386,3686,3860
Preah Pithu,1,stable,geography,Geography.Regions.Asia.Asia*,de,2.5381,3.3841,0.0921,122.2053,1956,4507
Compsognathus,1,stable,science,STEM.STEM*,de,1.4749,2.2124,0.0104,128.8469,3844,7002
Alte Synagoge (Heilbronn),1,stable,culture,Culture.Philosophy_and_religion,de,1.4797,2.6635,0.0218,91.2527,6506,6704
Hominine Fossilien von Dmanissi,1,stable,science,STEM.STEM*,de,4.3727,3.0272,0.0183,125.2498,5091,6753
Meidum-Pyramide,1,stable,politics_history,History_and_Society.History,de,3.413,3.413,0.0,136.9224,4958,8138
Stadtwaage (Frankfurt am Main),1,stable,geography,Geography.Regions.Europe.Europe*,de,5.0525,1.9433,0.0171,135.8949,5831,6298
Los-Angeles-Klasse,1,stable,politics_history,History_and_Society.Military_and_warfare,de,0.0,0.9476,0.1,162.9537,5252,7381
Landrückentunnel,1,stable,geography,Geography.Regions.Europe.Europe*,de,0.0,0.7087,0.0481,79.738,5432,7408
William Bligh,1,stable,culture,Culture.Biography.Biography*,de,1.0638,3.4574,0.0126,151.0583,4655,7298
Glioblastom,1,stable,science,STEM.STEM*,de,2.3866,6.3644,0.1237,120.1618,4685,6407
Niuserre,1,stable,politics_history,History_and_Society.History,de,2.9042,1.9361,0.0545,145.5005,5910,8095
Tomus ad Antiochenos,1,stable,culture,Culture.Philosophy_and_religion,de,2.2327,2.2327,0.0657,130.3956,5858,6270
Schloss Gottorf,1,stable,geography,Geography.Regions.Europe.Europe*,de,1.9162,2.7375,0.0326,103.2444,7759,7185
Vincenz Grimm,1,stable,culture,Culture.Sports,de,1.4848,2.2272,0.0323,153.7956,2044,6777
Sydney Tower,1,stable,geography,Geography.Regions.Oceania,de,0.0,1.5163,0.0312,78.7072,2555,7775
NATO Airborne Early Warning and Control Programme Management Organisation,1,stable,politics_history,History_and_Society.Military_and_warfare,de,0.7539,1.5077,0.0096,87.4979,3480,6630
Fruchtwasserembolie,1,stable,science,STEM.Medicine_&_Health,de,0.7576,3.0303,0.0469,108.134,3748,6338
The Wives of the Dead,1,stable,culture,Culture.Literature,de,2.7968,2.1753,0.0402,188.4691,4306,5211
Häg-Ehrsberg,1,stable,geography,Geography.Regions.Europe.Western_Europe,de,1.6551,2.6481,0.0558,115.7231,5137,7834
Dr. von Haunersches Kinderspital,1,stable,science,STEM.Medicine_&_Health,de,0.0,2.1358,0.0402,85.951,4147,5911
Velociraptor,1,stable,science,STEM.STEM*,de,2.004,5.344,0.0577,101.7298,4767,5932
Surimono,1,stable,geography,Geography.Regions.Asia.East_Asia,de,1.0672,5.8698,0.144,149.8248,3124,5741
Brasilianische Rugby-Union-Nationalmannschaft,1,stable,culture,Culture.Sports,de,0.0,1.5873,0.0143,56.122,6072,2624
Valanga irregularis,1,stable,science,STEM.Biology,de,0.0,8.2237,0.1304,171.3122,1644,6219
Korona (atmosphärische Optik),1,stable,science,STEM.STEM*,de,0.0,6.3291,0.0656,116.1076,3645,7799
Bavaria,1,stable,geography,Geography.Regions.Europe.Western_Europe,de,0.3234,1.6171,0.0244,123.2506,5196,7987
Lactobacillus delbrueckii subsp. bulgaricus,1,stable,science,STEM.STEM*,de,3.096,3.096,0.1034,74.7,6594,7337
Schwarze Mangrove,1,stable,science,STEM.Biology,de,0.0,3.6934,0.1667,126.9309,2608,6623
Anno 1404,1,stable,culture,Culture.Media.Video_games,de,0.0,3.7135,0.0279,137.1781,5920,4079
Ross Sea Party,1,stable,geography,Geography.Geographical,de,2.4188,3.1099,0.0397,171.4384,3760,6680
Pierre Le Gros der Jüngere,1,stable,culture,Culture.Visual_arts.Visual_arts*,de,0.3949,1.1848,0.018,178.0218,2864,7712
Kloster Höchst,1,stable,geography,Geography.Regions.Europe.Europe*,de,1.0849,1.6273,0.0319,143.2767,4786,6636
Entwicklung der Ottokraftstoffe,1,stable,science,STEM.STEM*,de,0.0,3.8287,0.0186,148.6363,6693,6750
Feline infektiöse Anämie,1,stable,science,STEM.STEM*,de,1.8484,4.9291,0.1282,153.8026,1904,7370
Ryan Ellis,1,stable,culture,Culture.Sports,de,0.5599,0.5599,0.0226,53.5011,4328,5449
Große Heidelibelle,1,stable,science,STEM.Biology,de,0.0,1.7483,0.1042,137.9878,2937,7909
Kettenviper,1,stable,science,STEM.STEM*,de,0.0,0.0,0.1613,110.5574,2564,7046
Dautphetal,1,stable,geography,Geography.Regions.Europe.Western_Europe,de,0.6251,2.2921,0.0418,65.91,7441,7150
Königskrönung Friedrichs III. von Brandenburg,1,stable,geography,Geography.Regions.Europe.Western_Europe,de,0.5988,2.0958,0.012,174.6133,4551,6502
Politisches System der Bundesrepublik Deutschland,1,stable,politics_history,History_and_Society.Politics_and_government,de,0.0,2.1085,0.1335,113.4988,6483,5149
Fall Guðmundur und Geirfinnur,1,stable,geography,Geography.Regions.Europe.Europe*,de,2.8313,2.265,0.0,163.2417,3158,4375
Römische Wandmalerei,1,stable,geography,Geography.Regions.Europe.Europe*,de,0.7849,7.4568,0.1599,137.4469,6674,7246
Gender-Care-Gap,1,stable,politics_history,History_and_Society.Society,de,0.0,7.0481,0.0493,166.6386,4927,1019
Constantina (Tochter Konstantins des Großen),1,stable,culture,Culture.Biography.Biography*,de,2.3493,2.3493,0.0465,148.433,2148,7237
Didymella bryoniae,1,stable,science,STEM.STEM*,de,1.556,2.5934,0.1494,100.0494,3111,6121
Mayaguez-Zwischenfall,1,stable,politics_history,History_and_Society.Military_and_warfare,de,0.0,2.7285,0.0366,137.1255,3187,6850
Voivod,1,stable,culture,Culture.Media.Music,de,1.0411,1.0411,0.037,156.1309,4827,7853
Darkness Visible: A Memoir of Madness,1,stable,culture,Culture.Literature,de,1.7422,4.8393,0.0398,222.5036,7090,4711
Geschichte Naurus,1,stable,geography,Geography.Regions.Oceania,de,1.8205,2.6008,0.0279,190.1017,4983,8057
H-II-Gebiet,1,stable,science,STEM.Space,de,0.5168,6.7183,0.0843,147.4971,2456,8100
Schlacht bei Minden,1,stable,politics_history,History_and_Society.Military_and_warfare,de,0.4782,1.6738,0.0073,139.2548,6921,7774
Präsidentschaftswahl in den Vereinigten Staaten 1916,1,stable,politics_history,History_and_Society.Politics_and_government,de,1.5533,2.1746,0.0055,118.032,6390,6760
Fritz Bleichröder,1,stable,culture,Culture.Biography.Biography*,de,1.3838,1.845,0.0123,115.6725,3713,5372
Ontologischer Dualismus,1,stable,culture,Culture.Philosophy_and_religion,de,0.9412,6.5882,0.0432,132.5418,2683,7465
Weinbau in Kanada,1,stable,culture,Culture.Food_and_drink,de,1.2336,1.2336,0.0389,151.6992,3142,7621
Northrop B-2,1,stable,politics_history,History_and_Society.Military_and_warfare,de,0.0,1.9335,0.0508,129.1295,5617,6284
Stammesschule (Osmanisches Reich),1,stable,geography,Geography.Regions.Asia.West_Asia,de,0.6925,4.8476,0.0083,51.0973,2088,6393
Berliner Blau,1,stable,science,STEM.STEM*,de,0.0,0.0,0.0,89.5482,6542,5248
I.G. Farben-Gebäude,1,stable,geography,Geography.Regions.Europe.Western_Europe,de,0.0,0.9149,0.023,128.8598,2199,8301
Alkinoos (Philosoph),1,stable,culture,Culture.Philosophy_and_religion,de,3.6221,0.9055,0.0697,128.6117,4957,6663
Anna von Kleve,1,stable,culture,Culture.Biography.Biography*,de,1.7802,3.1153,0.0201,156.0139,3370,8093
Helvetios,1,stable,culture,Culture.Media.Media*,de,0.0,2.864,0.007,91.4688,7030,5200
Pecherei,1,stable,science,STEM.STEM*,de,0.5086,3.5605,0.0233,135.6661,2311,8163
Frederick Trump,1,stable,geography,Geography.Regions.Americas.North_America,de,0.833,1.2495,0.0224,159.7881,4283,3610
Christoph Friedrich Leers,1,stable,geography,Geography.Regions.Europe.Western_Europe,de,0.8681,2.6042,0.0485,113.3252,1845,6360
Blauhai,1,stable,science,STEM.Biology,de,1.7683,2.6525,0.1231,135.5298,1780,7621
Marie Doro,1,stable,culture,Culture.Biography.Biography*,de,0.0,1.3619,0.0157,116.3866,4564,2819
Krönung der russischen Zaren und Kaiser,1,stable,geography,Geography.Regions.Asia.North_Asia,de,1.6159,2.1546,0.0139,125.8475,6179,6641
Wampanoag,1,stable,geography,Geography.Regions.Americas.North_America,de,0.6868,3.4341,0.044,117.0,6148,8229
Lappentaucher,1,stable,science,STEM.STEM*,de,0.793,11.1023,0.1509,141.8711,3128,8380
Theodor Scherer-Boccard,1,stable,geography,Geography.Regions.Europe.Western_Europe,de,0.0,1.1179,0.042,115.9773,3707,4640
Weißer Hai,1,stable,science,STEM.STEM*,de,2.3256,7.3643,0.1037,156.1113,5095,6346
Amelios Gentilianos,1,stable,culture,Culture.Philosophy_and_religion,de,7.0083,1.3141,0.04,122.3015,3808,5799
Epipolargeometrie,1,stable,science,STEM.STEM*,de,0.5063,2.5316,0.1168,52.7856,5702,6687
Orgellandschaft Ostfriesland,1,stable,geography,Geography.Regions.Europe.Western_Europe,de,0.9322,3.4957,0.0854,140.9259,6628,6440
Yongle,1,stable,geography,Geography.Regions.Asia.Asia*,de,1.0446,3.1337,0.0231,138.9104,5612,8348
Thekenschaaf,1,stable,culture,Culture.Food_and_drink,de,0.0,6.2696,0.0308,143.3062,1670,6821
Olympische Sommerspiele 1912/Fußball,1,stable,culture,Culture.Sports,de,0.0,0.0,0.0,159.592,3317,7934
Produktionswirtschaft,1,stable,politics_history,History_and_Society.Business_and_economics,de,0.1534,7.0552,0.0769,119.4215,7981,6902
Schleimaale,1,stable,science,STEM.STEM*,de,0.0,5.2151,0.1429,230.7756,3143,7560
Tibetgazelle,1,stable,science,STEM.STEM*,de,0.0,0.0,0.05,163.85,3692,7769
Daniel Negreanu,1,stable,culture,Culture.Media.Entertainment,de,0.0,0.8861,0.012,86.253,6597,6895
A*-Algorithmus,1,stable,science,STEM.STEM*,de,1.6247,3.5202,0.0674,60.8723,4406,8081
Großer Tempel von Ḫattuša,1,stable,politics_history,History_and_Society.History,de,3.2382,3.2382,0.0714,129.3316,5422,1126
Koala,1,stable,science,STEM.STEM*,de,0.8346,6.885,0.0864,156.5284,5603,7378
Rosi Mittermaier,1,stable,culture,Culture.Sports,de,0.3902,1.9508,0.0079,59.7752,4745,8085
Plattenpanzer,1,stable,politics_history,History_and_Society.Military_and_warfare,de,0.3287,5.9172,0.03,168.4846,4551,8146
Messerschmitt Bf 108,1,stable,politics_history,History_and_Society.Transportation,de,0.2279,1.8232,0.0483,77.7324,6552,5843
Gießen (Metall),1,stable,science,STEM.STEM*,de,0.0,6.7715,0.0868,107.9829,5208,5806
Shell Higher Olefin Process,1,stable,science,STEM.STEM*,de,0.0,3.69,0.1111,123.4721,4922,6801
Caligula,1,stable,politics_history,History_and_Society.History,de,1.9566,3.7502,0.0272,191.9008,7836,5894
Tellur,1,stable,science,STEM.STEM*,de,0.2639,2.6385,0.122,82.8176,6705,7056
Drehmelder,1,stable,science,STEM.STEM*,de,0.0,2.7744,0.0707,117.5419,4714,7141
Angus Campbell (Sozialpsychologe),1,stable,culture,Culture.Biography.Biography*,de,0.0,1.3381,0.028,118.2874,3806,5891
Ammonios Hermeiou,1,stable,culture,Culture.Philosophy_and_religion,de,2.8721,1.5666,0.0283,141.7239,6150,6559
Heeby-Jeebies,1,stable,culture,Culture.Media.Music,de,0.0,4.1152,0.1429,147.5447,3913,4410
Eyes Wide Shut,1,stable,culture,Culture.Media.Media*,de,0.5432,3.2591,0.037,155.5442,5601,6821
Spezialeinheit,1,stable,politics_history,History_and_Society.Military_and_warfare,de,0.7643,7.6433,0.1076,156.3931,7081,6076
Schwach koordinierende Ionen,1,stable,science,STEM.STEM*,de,0.0,8.0321,0.1667,102.0275,2958,7109
Wiese (Fluss),1,stable,geography,Geography.Regions.Europe.Western_Europe,de,0.4876,4.1443,0.0293,81.8531,7886,7381
Anwar as-Sadat,1,stable,geography,Geography.Regions.Africa.Africa*,de,0.2885,1.4426,0.0092,131.3852,4751,7025
Pfarrkirche Kainach bei Voitsberg,1,stable,geography,Geography.Regions.Europe.Europe*,de,0.0,5.814,0.0952,55.7818,6752,4171
Botanischer Garten und Botanisches Museum Berlin,1,stable,geography,Geography.Regions.Europe.Europe*,de,0.0,1.7238,0.0312,117.5513,6775,7413
Schlauchpflanzen,1,stable,science,STEM.Biology,de,0.0,5.1948,0.1376,136.0343,1834,8090
Autokephale orthodoxe Kirche von Albanien,1,stable,geography,Geography.Regions.Europe.Southern_Europe,de,0.3823,3.0581,0.0606,150.526,3295,8039
Engel aus Staub,1,stable,culture,Culture.Media.Films,de,0.0,0.9141,0.0444,178.2405,3013,5807
Suanhild (Essen),1,stable,geography,Geography.Regions.Europe.Europe*,de,3.3003,0.5501,0.0427,147.8665,1991,7235
Fjodor Iwanowitsch Tolstoi,1,stable,geography,Geography.Regions.Asia.North_Asia,de,3.3632,1.6816,0.0213,195.1093,4504,6633
Eisgekühlter Bommerlunder,1,stable,culture,Culture.Media.Music,de,0.0,2.6298,0.051,114.5211,2351,6286
Vierter Kreuzzug,1,stable,politics_history,History_and_Society.Military_and_warfare,de,2.1937,1.8803,0.0,175.1763,4002,6933
Isar,1,stable,geography,Geography.Regions.Europe.Europe*,de,1.2116,2.6252,0.0309,114.0638,6160,6114
Soul,1,stable,culture,Culture.Media.Media*,de,0.3202,3.5223,0.0346,190.0902,7055,5163
Bartgeier,1,stable,science,STEM.Biology,de,2.1186,2.1186,0.0326,136.691,3958,7388
Wilhelm Kühnert,1,stable,culture,Culture.Biography.Biography*,de,0.4619,5.0808,0.0051,108.9166,3270,4907
Apostelkonzil,1,stable,culture,Culture.Philosophy_and_religion,de,2.1378,3.8005,0.012,155.409,4850,7427
Blaue Fichtenholzwespe,1,stable,science,STEM.Biology,de,0.4005,3.6043,0.0794,139.2914,4369,5794
Carolina-Wolfspinne,1,stable,science,STEM.STEM*,de,1.6657,7.2182,0.0481,134.2467,6162,1335
Coontz (Schiff),1,stable,politics_history,History_and_Society.Military_and_warfare,de,0.0,1.0995,0.056,125.3414,2222,7207
Stadtkirche Sternberg,1,stable,geography,Geography.Regions.Europe.Western_Europe,de,0.559,1.1179,0.0529,102.553,3563,6447
Vulkankaninchen,1,stable,science,STEM.STEM*,de,0.0,0.0,0.1613,148.9594,4998,7643
RC5,1,stable,science,STEM.STEM*,de,0.0,5.1881,0.0909,126.1523,2194,6861
Palais Strousberg,1,stable,geography,Geography.Regions.Europe.Europe*,de,1.8519,0.6173,0.0349,95.5942,2365,7266
Hohentwiel,1,stable,geography,Geography.Regions.Europe.Europe*,de,1.1409,1.7114,0.0808,132.3997,5145,7658
Tägermoos,1,stable,geography,Geography.Regions.Europe.Western_Europe,de,0.356,2.848,0.0625,130.9871,3828,7512
Unzen (Vulkan),1,stable,science,STEM.Earth_and_environment,de,0.3127,4.3777,0.0664,131.296,3869,7439
Heinrich Rantzau,1,stable,geography,Geography.Regions.Europe.Europe*,de,1.4757,2.4594,0.01,160.6298,5524,8104
Aristolochia arborea,1,stable,science,STEM.Biology,de,3.7641,2.5094,0.14,147.3714,1803,6337
Meteorologisches Observatorium Hohenpeißenberg,1,stable,geography,Geography.Regions.Europe.Western_Europe,de,0.177,0.8851,0.0148,84.3534,7660,6884
Schweiz ohne Armee? Ein Palaver,1,stable,culture,Culture.Media.Media*,de,0.0,2.3622,0.0389,147.2533,3068,6246
Dachau-Hauptprozess,1,stable,politics_history,History_and_Society.Military_and_warfare,de,0.2403,1.4416,0.0086,90.6661,6639,6350
Meister E. S.,1,stable,culture,Culture.Visual_arts.Visual_arts*,de,1.5117,1.2598,0.0757,97.4915,4728,7448
Jüdischer Friedhof Währing,1,stable,geography,Geography.Regions.Europe.Western_Europe,de,0.5549,0.5549,0.0387,109.6299,2943,7359
Leopold Kölbl,1,stable,geography,Geography.Regions.Europe.Western_Europe,de,0.0,1.9589,0.0286,117.4839,2691,6277
Bahnbetriebswerk Lüneburg,1,stable,politics_history,History_and_Society.Transportation,de,0.0,1.1799,0.0458,69.3576,4653,6764
Atari 1200XL,1,stable,science,STEM.STEM*,de,0.2771,8.8667,0.0403,90.2725,7043,3702
Glattwale,1,stable,science,STEM.Biology,de,5.3619,6.1279,0.1189,169.6546,3144,8083
Psychomachia,1,stable,culture,Culture.Philosophy_and_religion,de,1.9996,1.9996,0.0606,170.9325,6565,6963
Gartenkunst in China,1,stable,geography,Geography.Regions.Asia.East_Asia,de,0.4771,5.7252,0.1074,117.6484,2549,8085
Zaza-Sprache,1,stable,culture,Culture.Linguistics,de,0.6618,1.9854,0.0405,63.1027,5334,6519
Zwergkaninchen (Art),1,stable,science,STEM.STEM*,de,0.0,3.9062,0.1304,168.9587,4915,7842
Apollo 1,1,stable,science,STEM.Space,de,0.9289,3.2513,0.04,127.5075,2854,8002
1902 Wright Glider,1,stable,science,STEM.Engineering,de,0.0,0.0,0.0625,89.3655,3099,2017
Dunkelfeldmikroskopie,1,stable,science,STEM.STEM*,de,0.3472,4.5139,0.0847,163.6835,7093,7914
Leuchttürme in Kalifornien,1,stable,geography,Geography.Regions.Americas.North_America,de,0.6677,1.3354,0.0281,106.9525,6775,4788
Bahnstrecke Halle–Hann. Münden,1,stable,geography,Geography.Regions.Europe.Western_Europe,de,0.0,1.1554,0.0207,55.5173,5914,6405
Gertie the Dinosaur,1,stable,culture,Culture.Media.Films,de,0.4008,1.6032,0.0355,126.5633,3441,6462
24: Live Another Day,1,stable,culture,Culture.Media.Media*,de,0.3043,0.913,0.0069,90.3908,5896,4734
Geschichte von Höchst am Main,1,stable,geography,Geography.Regions.Europe.Western_Europe,de,0.5652,2.8259,0.022,127.2147,7398,6904
Kristallisation (Polymer),1,stable,science,STEM.STEM*,de,0.0,4.3478,0.099,126.8687,4741,6271
Beatrix von Holte,1,stable,geography,Geography.Regions.Europe.Western_Europe,de,3.218,0.8045,0.0282,125.668,2725,7079
Stein (Schwarzwälder Adelsgeschlecht),1,stable,geography,Geography.Regions.Europe.Europe*,de,8.8443,1.7689,0.0388,105.2924,2384,5387
Anämie,1,stable,science,STEM.STEM*,de,0.7773,5.0525,0.0922,104.5794,3482,6749
Jim Thorpe,1,stable,culture,Culture.Sports,de,0.267,3.2043,0.0194,155.9504,6907,7929
Herrenhof (Mußbach),1,stable,geography,Geography.Regions.Europe.Western_Europe,de,0.0,1.3661,0.075,128.1405,2232,7117
Beroidae,1,stable,science,STEM.Biology,de,0.0,7.1942,0.2222,106.6423,3133,7965
Georges Ruggiu,1,stable,geography,Geography.Regions.Africa.Eastern_Africa,de,0.7215,1.443,0.0213,152.2989,2033,6632
Fourteenth Street Bridge,1,stable,geography,Geography.Regions.Americas.North_America,de,0.0,0.7987,0.0486,89.3122,4434,2640
Kauffmann-White-Schema,1,stable,science,STEM.STEM*,de,0.5917,5.3254,0.085,37.6502,2713,7232
Flora und Vegetation der maltesischen Inseln,1,stable,science,STEM.STEM*,de,0.0,7.8329,0.0851,267.1046,6416,5894
Jahwist,1,stable,culture,Culture.Literature,de,0.0,2.5924,0.0217,123.9024,2403,8199
Jonathan Wild,1,stable,politics_history,History_and_Society.Politics_and_government,de,1.1825,2.7592,0.0643,167.2167,2742,7799
Dreiseenbahn,1,stable,politics_history,History_and_Society.Transportation,de,0.3552,1.421,0.0579,109.9024,4113,7308
Überfall im Medway,1,stable,politics_history,History_and_Society.Military_and_warfare,de,0.0,1.1919,0.006,167.8383,4768,6608
Haus Fürsteneck,1,stable,culture,Culture.Visual_arts.Visual_arts*,de,4.2553,4.2553,0.009,133.5571,4941,7180
Spruance-Klasse,1,stable,politics_history,History_and_Society.Military_and_warfare,de,0.0,3.5885,0.0354,133.8735,2126,7337
Confuciusornis,1,stable,science,STEM.STEM*,de,2.2539,2.2539,0.0693,97.1316,3764,7492
Ringzug,1,stable,politics_history,History_and_Society.Transportation,de,0.0,3.6023,0.0379,63.0702,4057,7127
Plaek Phibunsongkhram,1,stable,geography,Geography.Regions.Asia.Southeast_Asia,de,1.6694,2.3849,0.0137,176.4954,7664,7997
Xenon,1,stable,science,STEM.STEM*,de,0.841,4.2052,0.0847,119.994,5308,6290
Werner Heyde,1,stable,culture,Culture.Biography.Biography*,de,2.3065,2.0502,0.0076,161.0149,5764,7223
Preußische Nationalversammlung,1,stable,geography,Geography.Regions.Europe.Western_Europe,de,0.5005,3.003,0.0113,124.6379,4843,7645
Sammelbilderproblem,1,stable,science,STEM.STEM*,de,0.4235,8.8945,0.03,32.7016,5314,7280
Alejandro Álvarez,1,stable,culture,Culture.Biography.Biography*,de,0.0,1.5987,0.0441,88.6521,2764,6393
Hidalgo County (Texas),1,stable,geography,Geography.Regions.Americas.North_America,de,1.4507,1.4507,0.097,150.0962,5665,7574
Paul Gauguin,1,stable,geography,Geography.Regions.Europe.Western_Europe,de,0.5965,3.3804,0.0343,168.8116,6013,6331
Hyänen,1,stable,science,STEM.STEM*,de,3.1965,7.1306,0.1547,99.6494,6439,6686
Afrikanisches Palmenhörnchen,1,stable,science,STEM.STEM*,de,0.0,4.1841,0.1154,118.5327,2432,4132
Kugelfischartige,1,stable,science,STEM.STEM*,de,0.0,12.1655,0.1111,244.9529,2445,7678
Samaritanischer Pentateuch,1,stable,culture,Culture.Philosophy_and_religion,de,1.3245,1.3245,0.0321,123.9287,5007,6134
Chiemsee-Bahn,1,stable,politics_history,History_and_Society.Transportation,de,0.0,3.9968,0.0325,83.3658,1811,7625
Zingst,1,stable,geography,Geography.Regions.Europe.Western_Europe,de,0.0,2.2461,0.0621,108.5787,6637,7031
Orang-Utans,1,stable,science,STEM.STEM*,de,1.2957,5.9601,0.1865,151.826,5822,4492
Meißner Schwein,1,stable,science,STEM.STEM*,de,0.0,1.443,0.0222,157.588,1798,4183
Roald Amundsen,1,stable,science,STEM.STEM*,de,1.1574,0.9259,0.0148,148.3456,5780,4986
Attikos,1,stable,culture,Culture.Philosophy_and_religion,de,1.944,1.1664,0.0429,139.4446,3618,6092
Anaerobe Schwelle,1,stable,science,STEM.STEM*,de,0.6427,4.4987,0.0449,131.8847,3892,7752
Clara (Nashorn),1,stable,geography,Geography.Regions.Europe.Europe*,de,0.9656,1.2874,0.0398,179.0086,3969,7225
Raubfliegen,1,stable,science,STEM.Biology,de,3.45,11.3356,0.1067,132.6469,2507,8029
Kurt Zentner,1,stable,culture,Culture.Biography.Biography*,de,1.005,0.5025,0.0325,149.1443,3251,4782
Lamborghini 350 GTV,1,stable,politics_history,History_and_Society.Transportation,de,2.3166,3.861,0.0292,74.423,3330,4661
Johann Andreas Eisenbarth,1,stable,geography,Geography.Regions.Europe.Western_Europe,de,3.15,2.1808,0.0232,178.9351,5569,7089
